{"definition":{"fragmentStyle":{"marginBottom":"4","marginRight":"4"},"indexed":true,"layout":{"marginBottom":2,"marginRight":2},"name":"Individual Page Card"},"id":"6df42d1e-575b-9f15-e2ba-8c0edb54c9ac","pageElements":[{"definition":{"fragment":{"key":"text-block","siteKey":"Dreams And Co"},"fragmentConfig":{},"fragmentFields":[],"fragmentStyle":{"marginBottom":"2","textColor":"brandColor3"},"indexed":true,"name":"Page"},"id":"18f13af6-4d16-6ed9-6396-74c648604bf1","type":"Fragment"},{"definition":{"fragment":{"key":"heading","siteKey":"Dreams And Co"},"fragmentConfig":{"displayLevel":"0","headingLevel":"h2"},"fragmentFields":[],"fragmentStyle":{"marginBottom":"3"},"indexed":true,"name":"Page Information"},"id":"a634d234-67f8-c4e2-3406-6e17c9ef2122","type":"Fragment"},{"definition":{"fragment":{"key":"text-block","siteKey":"Dreams And Co"},"fragmentConfig":{},"fragmentFields":[],"fragmentStyle":{"marginBottom":"3"},"indexed":true,"name":"Page Short Description"},"id":"aea97c22-17fa-852d-01b1-6789ba7ab822","type":"Fragment"},{"definition":{"fragment":{"key":"link","siteKey":"Dreams And Co"},"fragmentConfig":{"linkSize":"lg"},"fragmentFields":[],"fragmentStyle":{"textColor":"brandColor4"},"indexed":true},"id":"3d89fe90-e748-6ad8-450a-0b26f3e4b63f","type":"Fragment"}],"type":"Section"}