{
	"fieldSets": [
		{
			"fields": [
				{
					"dataType": "string",
					"defaultValue": "primary",
					"label": "variant",
					"name": "buttonVariant",
					"type": "select",
					"typeOptions": {
						"validValues": [
							{
								"value": "primary"
							},
							{
								"value": "secondary"
							},
							{
								"value": "link"
							},
							{
								"value": "outline-primary"
							},
							{
								"value": "outline-secondary"
							}
						]
					}
				}
			]
		},
		{
			"fields": [
				{
					"dataType": "string",
					"defaultValue": "lg",
					"label": "size",
					"name": "buttonSize",
					"type": "select",
					"typeOptions": {
						"validValues": [
							{
								"label": "small",
								"value": "sm"
							},
							{
								"label": "large",
								"value": "lg"
							}
						]
					}
				}
			]
		},
		{
			"fields": [
				{
					"dataType": "string",
					"defaultValue": "v-auto",
					"label": "width",
					"name": "buttonWidth",
					"type": "select",
					"typeOptions": {
						"validValues": [
							{
								"label": "auto",
								"value": "v-auto"
							},
							{
								"label": "full-width",
								"value": "v-100"
							}
						]
					}
				}
			]
		}
	]
}