{"definition":{"fragmentStyle":{"backgroundColor":"gray200Color","paddingBottom":"8","paddingTop":"8"},"indexed":true,"layout":{"paddingBottom":10,"paddingTop":10},"name":"Related Article Section"},"id":"f09c5b5f-cfde-b592-ef1d-cee315e63285","pageElements":[{"definition":{"indexed":true,"layout":{"widthType":"Fixed"},"name":"Main Container"},"id":"73cef812-f2e8-a260-5c5e-2c09c2b3a7bf","pageElements":[{"definition":{"fragmentStyle":{"marginBottom":"6"},"gutters":true,"indexed":true,"modulesPerRow":2,"name":"Related Article Grid","numberOfColumns":2,"reverseOrder":false,"rowViewports":[{"id":"landscapeMobile","rowViewportDefinition":{"modulesPerRow":1}},{"id":"portraitMobile","rowViewportDefinition":{}},{"id":"tablet","rowViewportDefinition":{}}],"verticalAlignment":"middle"},"id":"183de38c-f728-7aad-5357-3ecf8cd0eb9a","pageElements":[{"definition":{"columnViewports":[{"columnViewportDefinition":{"size":12},"id":"landscapeMobile"},{"columnViewportDefinition":{},"id":"portraitMobile"},{"columnViewportDefinition":{},"id":"tablet"}],"size":6},"id":"7a3565c4-d75e-2138-c67d-de59c8b577bd","pageElements":[{"definition":{"fragment":{"key":"heading","siteKey":"Dreams & Co"},"fragmentConfig":{"displayLevel":"0","headingLevel":"h4"},"fragmentFields":[],"indexed":true},"id":"b78f6109-a33f-155e-b8fa-5a4be9c83bd1","type":"Fragment"}],"type":"Column"},{"definition":{"columnViewports":[{"columnViewportDefinition":{"size":12},"id":"landscapeMobile"},{"columnViewportDefinition":{},"id":"portraitMobile"},{"columnViewportDefinition":{},"id":"tablet"}],"size":6},"id":"24d67204-2c03-35a9-532b-92472a6f732e","pageElements":[{"definition":{"fragment":{"key":"link","siteKey":"Dreams & Co"},"fragmentConfig":{"linkSize":"lg"},"fragmentFields":[],"fragmentStyle":{"textAlign":"right","textColor":""},"indexed":true},"id":"d070820c-699c-64b4-5faf-e97e2c0fabd0","type":"Fragment"}],"type":"Column"}],"type":"Row"},{"definition":{"collectionConfig":{"collectionReference":{"className":"com.liferay.asset.list.model.AssetListEntry","classPK":37839},"collectionType":"Collection"},"collectionViewports":[{"collectionViewportDefinition":{"numberOfColumns":1},"id":"landscapeMobile"},{"collectionViewportDefinition":{"numberOfColumns":1},"id":"portraitMobile"},{"collectionViewportDefinition":{"numberOfColumns":1},"id":"tablet"}],"displayAllItems":false,"displayAllPages":true,"listItemStyle":"","listStyle":"","name":"Blogs Collection Display","numberOfColumns":3,"numberOfItems":5,"numberOfItemsPerPage":3,"numberOfPages":5,"paginationType":"None","showAllItems":false,"templateKey":""},"id":"220c07e2-7d29-2033-4676-fe8e7110974c","pageElements":[{"definition":{"collectionItemConfig":{}},"id":"b8c5e1d3-e83b-02ba-acd3-a2a5764ae40a","pageElements":[{"definition":{"fragment":{"key":"entry-card","siteKey":"Dreams & Co"},"fragmentConfig":{},"fragmentFields":[],"indexed":true},"id":"1e78adb4-a9a5-791f-1fd9-c905e8a58db5","type":"Fragment"}],"type":"CollectionItem"}],"type":"Collection"}],"type":"Section"}],"type":"Section"}