{"definition":{"fragmentStyle":{"backgroundColor":"brandColor1","paddingBottom":"7","paddingTop":"7"},"indexed":true,"layout":{"paddingBottom":8,"paddingTop":8},"name":"Careers Header"},"id":"02076faa-ccd5-5268-7f68-a4d1a3f07482","pageElements":[{"definition":{"indexed":true,"layout":{"widthType":"Fixed"},"name":"Careers Header Information"},"id":"c07941c8-753f-0703-f28d-433e66bee41d","pageElements":[{"definition":{"fragment":{"key":"text-block","siteKey":"Dreams & Co"},"fragmentConfig":{},"fragmentFields":[],"fragmentStyle":{"marginBottom":"2","textColor":"brandColor3"},"indexed":true,"name":"Category Information"},"id":"f2ced1da-8b41-1028-6dae-b7c23482901a","type":"Fragment"},{"definition":{"fragment":{"key":"heading","siteKey":"Dreams & Co"},"fragmentConfig":{"displayLevel":"4","headingLevel":"h1"},"fragmentFields":[],"fragmentStyle":{"marginBottom":"3","textColor":"whiteColor"},"indexed":true,"name":"Page Title Information"},"id":"43dabc29-9412-2fe0-fa83-e5901110264b","type":"Fragment"},{"definition":{"fragment":{"key":"text-block","siteKey":"Dreams & Co"},"fragmentConfig":{},"fragmentFields":[],"fragmentStyle":{"textColor":"whiteColor","width":"700px"},"indexed":true,"name":"General Page Information"},"id":"cbc837ac-4ac0-7dcc-ee9e-01496cd595cd","type":"Fragment"}],"type":"Section"}],"type":"Section"}