{"pageElement": {"id": "44389d1d-919d-f614-8011-11eb206625c0", "pageElements": [{"definition": {"fragmentStyle": {"backgroundColor": "brandColor1"}, "indexed": true, "layout": {}, "name": "Header Container"}, "id": "290b4efd-3715-6122-97a2-6d9a09e33e23", "pageElements": [{"definition": {"indexed": true, "layout": {"widthType": "Fixed"}, "name": "Header"}, "id": "f4b32b77-b409-183a-9acd-ffba39f24f3a", "pageElements": [{"definition": {"fragment": {"key": "main-navbar", "siteKey": "Dreams And Co"}, "fragmentConfig": {}, "fragmentFields": [{"id": "imageLogo", "value": {"fragmentImage": {"url": {"value_i18n": {}}}, "fragmentLink": {}}}], "indexed": true, "widgetInstances": [{"widgetConfig": {}, "widgetInstanceId": "nav", "widgetName": "com_liferay_site_navigation_menu_web_portlet_SiteNavigationMenuPortlet"}, {"widgetConfig": {}, "widgetName": "com_liferay_portal_search_web_search_bar_portlet_SearchBarPortlet"}]}, "id": "30fae7e3-d85e-7b57-93f6-91fa990ef036", "type": "Fragment"}], "type": "Section"}], "type": "Section"}, {"definition": {"fragmentSettings": {"unallowedFragments":[]}}, "id": "59680c89-4f37-8cf6-55c1-cc5d14c7ad36", "type": "DropZone"}, {"definition": {"indexed": true, "layout": {}, "name": "Footer Container"}, "id": "62980ece-e8f0-d4ab-bcc2-ccde66be25bf", "pageElements": [{"definition": {"indexed": true, "layout": {"widthType": "Fixed"}, "name": "Footer"}, "id": "dc457fa0-f0f4-92aa-9e0f-6a6471c8f880", "pageElements": [{"definition": {"fragment": {"key": "footer", "siteKey": "Dreams And Co"}, "fragmentConfig": {}, "fragmentFields": [{"id": "footerText", "value": {"fragmentLink": {}}}, {"id": "socialFacebookLink", "value": {"fragmentLink": {"value": {"href": {"value": "#"}}}}}, {"id": "socialGithubLink", "value": {"fragmentLink": {"value": {"href": {"value": "#"}}}}}, {"id": "socialYoutube", "value": {"fragmentImage": {"url": {"value_i18n": {}}}, "fragmentLink": {}}}, {"id": "socialInstagramLink", "value": {"fragmentLink": {"value": {"href": {"value": "#"}}}}}, {"id": "socialFacebook", "value": {"fragmentImage": {"url": {"value_i18n": {}}}, "fragmentLink": {}}}, {"id": "socialTwitterLink", "value": {"fragmentLink": {"value": {"href": {"value": "#"}}}}}, {"id": "socialInstagram", "value": {"fragmentImage": {"url": {"value_i18n": {}}}, "fragmentLink": {}}}, {"id": "socialYoutubeLink", "value": {"fragmentLink": {"value": {"href": {"value": "#"}}}}}, {"id": "socialGithub", "value": {"fragmentImage": {"url": {"value_i18n": {}}}, "fragmentLink": {}}}, {"id": "socialLinkedinLink", "value": {"fragmentLink": {"value": {"href": {"value": "#"}}}}}, {"id": "socialTwitter", "value": {"fragmentImage": {"url": {"value_i18n": {}}}, "fragmentLink": {}}}, {"id": "socialLinkedin", "value": {"fragmentImage": {"url": {"value_i18n": {}}}, "fragmentLink": {}}}], "indexed": true, "widgetInstances": [{"widgetConfig": {}, "widgetInstanceId": "mainNav", "widgetName": "com_liferay_site_navigation_menu_web_portlet_SiteNavigationMenuPortlet"}, {"widgetConfig": {}, "widgetInstanceId": "privacyNav", "widgetName": "com_liferay_site_navigation_menu_web_portlet_SiteNavigationMenuPortlet"}]}, "id": "26508c98-2793-1f67-c82d-2701b84e773a", "type": "Fragment"}], "type": "Section"}], "type": "Section"}], "type": "Root"}, "settings": {"colorSchemeName": "01", "themeName": "Classic", "themeSettings": {"lfr-theme:regular:show-header-search":"false","lfr-theme:regular:show-header":"false","lfr-theme:regular:show-footer":"false","lfr-theme:regular:wrap-widget-page-content":"false"}}, "version": 1.1}