{"boxShadow":{"cssVariableMapping":"box-shadow","value":"0 .25rem 1rem rgba(0,0,0,0.08)"},"h2FontSize":{"cssVariableMapping":"h2-font-size","value":"2rem"},"darkColor":{"cssVariableMapping":"dark","value":"var(--gray-900)"},"fontFamilyMonospace":{"cssVariableMapping":"font-family-monospace","value":"'Roboto Mono', Menlo, Monaco, Consolas, 'Liberation Mono', 'Courier New', monospace"},"lighterColor":{"cssVariableMapping":"lighter","value":"var(--gray-100)"},"primaryColor":{"cssVariableMapping":"primary","value":"var(--brand-color-1)"},"display2Weight":{"cssVariableMapping":"display2-weight","value":"var(--font-weight-normal)"},"display4Size":{"cssVariableMapping":"display4-size","value":"3rem"},"fontWeightNormal":{"cssVariableMapping":"font-weight-normal","value":"500"},"bodyBgColor":{"cssVariableMapping":"body-bg","value":"var(--white)"},"leadFontSize":{"cssVariableMapping":"lead-font-size","value":"var(--font-size-lg)"},"containerMaxXl":{"cssVariableMapping":"container-max-xl","value":"1200px"},"fontFamilyBase":{"cssVariableMapping":"font-family-base","value":"var(--font-family-sans-serif)"},"btnPrimaryBackgroundColor":{"cssVariableMapping":"btn-primary-background-color","value":"var(--primary)"},"btnSecondaryHoverBackgroundColor":{"cssVariableMapping":"btn-secondary-hover-background-color","value":"var(--secondary)"},"btnPrimaryHoverBorderColor":{"cssVariableMapping":"btn-primary-hover-border-color","value":"var(--primary)"},"fontWeightBolder":{"cssVariableMapping":"font-weight-bolder","value":"700"},"brandColor2":{"cssVariableMapping":"brand-color-2","value":"#A9BEE5"},"displayLineHeight":{"cssVariableMapping":"display-line-height","value":"1.215"},"spacer0":{"cssVariableMapping":"spacer-0","value":"0"},"textMuted":{"cssVariableMapping":"text-muted","value":"var(--gray-500)"},"brandColor3":{"cssVariableMapping":"brand-color-3","value":"#40BF9F"},"btnSecondaryColor":{"cssVariableMapping":"btn-secondary-color","value":"var(--white)"},"spacer1":{"cssVariableMapping":"spacer-1","value":"0.5rem"},"spacer2":{"cssVariableMapping":"spacer-2","value":"0.75rem"},"brandColor1":{"cssVariableMapping":"brand-color-1","value":"#172949"},"spacer3":{"cssVariableMapping":"spacer-3","value":"1.5rem"},"spacer4":{"cssVariableMapping":"spacer-4","value":"2rem"},"spacer5":{"cssVariableMapping":"spacer-5","value":"3rem"},"brandColor4":{"cssVariableMapping":"brand-color-4","value":"#8CD9C6"},"spacer6":{"cssVariableMapping":"spacer-6","value":"4rem"},"boxShadowLg":{"cssVariableMapping":"box-shadow-lg","value":"0 .5rem 1.5rem rgba(0,0,0,0.06)"},"spacer7":{"cssVariableMapping":"spacer-7","value":"5.5rem"},"spacer8":{"cssVariableMapping":"spacer-8","value":"7rem"},"spacer9":{"cssVariableMapping":"spacer-9","value":"8rem"},"display3Size":{"cssVariableMapping":"display3-size","value":"3.5rem"},"blockquoteSmallColor":{"cssVariableMapping":"blockquote-small-color","value":"var(--gray-600)"},"btnPrimaryHoverBackgroundColor":{"cssVariableMapping":"btn-primary-hover-background-color","value":"var(--primary)"},"btnSecondaryBackgroundColor":{"cssVariableMapping":"btn-secondary-background-color","value":"var(--secondary)"},"btnPrimaryHoverColor":{"cssVariableMapping":"btn-primary-hover-color","value":"var(--white)"},"fontSizeLg":{"cssVariableMapping":"font-size-lg","value":"1.25rem"},"display3Weight":{"cssVariableMapping":"display3-weight","value":"var(--font-weight-normal)"},"fontSizeBase":{"cssVariableMapping":"font-size-base","value":"1rem"},"btnSecondaryBorderColor":{"cssVariableMapping":"btn-secondary-border-color","value":"var(--secondary)"},"fontWeightSemiBold":{"cssVariableMapping":"font-weight-semi-bold","value":"600"},"borderRadius":{"cssVariableMapping":"border-radius","value":"0.5em"},"h6FontSize":{"cssVariableMapping":"h6-font-size","value":"1rem"},"successColor":{"cssVariableMapping":"success","value":"#4AAB3B"},"boxShadowSm":{"cssVariableMapping":"box-shadow-sm","value":"0 .125rem .25rem rgba(0,0,0,0.1)"},"h4FontSize":{"cssVariableMapping":"h4-font-size","value":"1.5rem"},"gray400Color":{"cssVariableMapping":"gray-400","value":"#ABB4C5"},"btnOutlineSecondaryHoverColor":{"cssVariableMapping":"btn-outline-secondary-hover-color","value":"var(--secondary)"},"gray300Color":{"cssVariableMapping":"gray-300","value":"#D8DCE4"},"gray500Color":{"cssVariableMapping":"gray-500","value":"#7E8DA5"},"spacer10":{"cssVariableMapping":"spacer-10","value":"9rem"},"bodyColor":{"cssVariableMapping":"body-color","value":"var(--gray-900)"},"borderRadiusSm":{"cssVariableMapping":"border-radius-sm","value":"0.375em"},"display4Weight":{"cssVariableMapping":"display4-weight","value":"var(--font-weight-normal)"},"gray200Color":{"cssVariableMapping":"gray-200","value":"#F3F4F7"},"gray600Color":{"cssVariableMapping":"gray-600","value":"#697891"},"h3FontSize":{"cssVariableMapping":"h3-font-size","value":"1.75rem"},"btnLinkColor":{"cssVariableMapping":"btn-link-color","value":"var(--primary)"},"btnOutlinePrimaryHoverBackgroundColor":{"cssVariableMapping":"btn-outline-primary-hover-background-color","value":"var(--white)"},"btnOutlineSecondaryBorderColor":{"cssVariableMapping":"btn-outline-secondary-border-color","value":"var(--secondary)"},"fontSizeSm":{"cssVariableMapping":"font-size-sm","value":"0.875rem"},"h1FontSize":{"cssVariableMapping":"h1-font-size","value":"2.5rem"},"leadFontWeight":{"cssVariableMapping":"lead-font-weight","value":"var(--font-weight-normal)"},"btnOutlineSecondaryHoverBorderColor":{"cssVariableMapping":"btn-outline-secondary-hover-border-color","value":"var(--secondary)"},"btnLinkHoverColor":{"cssVariableMapping":"btn-link-hover-color","value":"var(--secondary)"},"btnOutlinePrimaryHoverBorderColor":{"cssVariableMapping":"btn-outline-primary-hover-border-color","value":"var(--primary)"},"gray900Color":{"cssVariableMapping":"gray-900","value":"#232934"},"btnOutlineSecondaryHoverBackgroundColor":{"cssVariableMapping":"btn-outline-secondary-hover-background-color","value":"var(--white)"},"btnSecondaryHoverBorderColor":{"cssVariableMapping":"btn-secondary-hover-border-color","value":"var(--secondary)"},"grayDarkColor":{"cssVariableMapping":"gray-dark","value":"var(--gray-800)"},"gray700Color":{"cssVariableMapping":"gray-700","value":"#455063"},"gray800Color":{"cssVariableMapping":"gray-800","value":"#343C4B"},"gray100Color":{"cssVariableMapping":"gray-100","value":"#F9F9FB"},"btnPrimaryBorderColor":{"cssVariableMapping":"btn-primary-border-color","value":"var(--primary)"},"display1Weight":{"cssVariableMapping":"display1-weight","value":"var(--font-weight-normal)"},"fontWeightBold":{"cssVariableMapping":"font-weight-bold","value":"600"},"fontFamilySansSerif":{"cssVariableMapping":"font-family-sans-serif","value":"'Montserrat', sans-serif"},"btnOutlineSecondaryColor":{"cssVariableMapping":"btn-outline-secondary-color","value":"var(--secondary)"},"borderRadiusLg":{"cssVariableMapping":"border-radius-lg","value":"0.75em"},"btnPrimaryColor":{"cssVariableMapping":"btn-primary-color","value":"var(--white)"},"btnOutlinePrimaryBorderColor":{"cssVariableMapping":"btn-outline-primary-border-color","value":"var(--primary)"},"btnOutlinePrimaryHoverColor":{"cssVariableMapping":"btn-outline-primary-hover-color","value":"var(--primary)"},"lightColor":{"cssVariableMapping":"light","value":"var(--gray-200)"},"display2Size":{"cssVariableMapping":"display2-size","value":"4rem"},"btnSecondaryHoverColor":{"cssVariableMapping":"btn-secondary-hover-color","value":"var(--white)"},"blackColor":{"cssVariableMapping":"black","value":"var(--gray-900)"},"blockquoteFontSize":{"cssVariableMapping":"blockquote-font-size","value":"var(--font-size-large)"},"btnOutlinePrimaryColor":{"cssVariableMapping":"btn-outline-primary-color","value":"var(--primary)"},"h5FontSize":{"cssVariableMapping":"h5-font-size","value":"1.125rem"},"display1Size":{"cssVariableMapping":"display1-size","value":"4.5rem"},"secondaryColor":{"cssVariableMapping":"secondary","value":"var(--brand-color-3)"}}