{"definition":{"fragmentStyle":{"marginBottom":"4","marginRight":"4"},"indexed":true,"layout":{"marginBottom":2,"marginRight":2},"name":"Information Card"},"id":"a5bb1bb5-2227-5ecd-5c19-b07b78687085","pageElements":[{"definition":{"fragment":{"key":"text-block","siteKey":"Dreams & Co"},"fragmentConfig":{},"fragmentFields":[],"fragmentStyle":{"marginBottom":"2","textColor":"gray600Color"},"indexed":true,"name":"Category Details"},"id":"435a0423-b582-e346-de09-a73aaaa295ef","type":"Fragment"},{"definition":{"fragment":{"key":"heading","siteKey":"Dreams & Co"},"fragmentConfig":{"displayLevel":"0","headingLevel":"h2"},"fragmentFields":[],"fragmentStyle":{"marginBottom":"3"},"indexed":true,"name":"Information Card Title"},"id":"7fccd0ff-321e-d710-5909-c635f627b97c","type":"Fragment"},{"definition":{"fragment":{"key":"text-block","siteKey":"Dreams & Co"},"fragmentConfig":{},"fragmentFields":[],"fragmentStyle":{"marginBottom":"3"},"indexed":true,"name":"Information Card Description"},"id":"3e7622ea-51f3-e329-33d0-bb4d69430aed","type":"Fragment"},{"definition":{"fragment":{"key":"link","siteKey":"Dreams & Co"},"fragmentConfig":{"linkSize":"lg"},"fragmentFields":[],"indexed":true,"name":"Information Card - Link Redirection"},"id":"0b39fe5d-7aa7-eb6c-fb86-dd4bc8a7b173","type":"Fragment"}],"type":"Section"}