{"pageElement": {"id": "70826203-ee53-689e-f8c4-949acea3064c", "pageElements": [{"definition": {"fragmentStyle": {"backgroundColor": "brandColor1", "paddingBottom": "7", "paddingTop": "7"}, "indexed": true, "layout": {"paddingBottom": 8, "paddingTop": 8}, "name": "Job Positions Information"}, "id": "1d4edeaa-e87d-0857-b447-a5abd760adb5", "pageElements": [{"definition": {"indexed": true, "layout": {"widthType": "Fixed"}, "name": "Job Header"}, "id": "2371892c-5a56-0aa0-23b4-e92a966a39ef", "pageElements": [{"definition": {"fragment": {"key": "text-block", "siteKey": "Dreams And Co"}, "fragmentConfig": {}, "fragmentFields": [{"id": "element-text", "value": {"fragmentLink": {}, "text": {"mapping": {"fieldKey": "JournalArticle_publishDate", "itemReference": {"contextSource": "DisplayPageItem"}}}}}], "fragmentStyle": {"marginBottom": "3", "textColor": "whiteColor"}, "indexed": true}, "id": "ab51efb5-5e2c-db48-f8bd-a7c52ddf4913", "type": "Fragment"}, {"definition": {"fragment": {"key": "heading", "siteKey": "Dreams And Co"}, "fragmentConfig": {"displayLevel": "4", "headingLevel": "h1"}, "fragmentFields": [{"id": "element-text", "value": {"fragmentLink": {}, "text": {"mapping": {"fieldKey": "DDMStructure_Text94587934", "itemReference": {"contextSource": "DisplayPageItem"}}}}}], "fragmentStyle": {"textColor": "whiteColor"}, "indexed": true}, "id": "cf6620eb-42b0-3cf8-0d5a-1ee2ff9bea93", "type": "Fragment"}, {"definition": {"fragment": {"key": "heading", "siteKey": "Dreams And Co"}, "fragmentConfig": {"displayLevel": "4", "headingLevel": "h1"}, "fragmentFields": [{"id": "element-text", "value": {"fragmentLink": {}, "text": {"mapping": {"fieldKey": "AssetVocabulary_34888", "itemReference": {"contextSource": "DisplayPageItem"}}}}}], "fragmentStyle": {"marginBottom": "3", "textColor": "brandColor3"}, "indexed": true}, "id": "1baf8594-853f-03dc-cfea-5bb592e39e6f", "type": "Fragment"}, {"definition": {"fragment": {"key": "text-block", "siteKey": "Dreams And Co"}, "fragmentConfig": {}, "fragmentFields": [{"id": "element-text", "value": {"fragmentLink": {}, "text": {"mapping": {"fieldKey": "DDMStructure_Field43929635", "itemReference": {"contextSource": "DisplayPageItem"}}}}}], "fragmentStyle": {"textColor": "whiteColor", "width": "800px"}, "indexed": true}, "id": "0d84b2fc-7847-4aa1-3d4f-603c6d519fe7", "type": "Fragment"}], "type": "Section"}], "type": "Section"}, {"definition": {"fragmentStyle": {"paddingBottom": "7", "paddingTop": "7"}, "indexed": true, "layout": {"paddingBottom": 8, "paddingTop": 8}, "name": "Application Container"}, "id": "99bc4a2c-9ec2-b4cb-3e61-9c743b188029", "pageElements": [{"definition": {"indexed": true, "layout": {"widthType": "Fixed"}, "name": "Application Area"}, "id": "9cdf0923-5f71-3d50-1e1d-a28425dc8068", "pageElements": [{"definition": {"gutters": true, "indexed": true, "modulesPerRow": 2, "numberOfColumns": 2, "reverseOrder": false, "rowViewports": [{"id": "landscapeMobile", "rowViewportDefinition": {"modulesPerRow": 1}}, {"id": "portraitMobile", "rowViewportDefinition": {}}, {"id": "tablet", "rowViewportDefinition": {}}], "verticalAlignment": "top"}, "id": "978ab06f-cb7a-8e39-c893-55e7c2c9c3c7", "pageElements": [{"definition": {"columnViewports": [{"columnViewportDefinition": {"size": 12}, "id": "landscapeMobile"}, {"columnViewportDefinition": {}, "id": "portraitMobile"}, {"columnViewportDefinition": {}, "id": "tablet"}], "size": 5}, "id": "786dba79-2203-dc06-e071-a510a99b4239", "pageElements": [{"definition": {"fragmentStyle": {"paddingRight": "6"}, "indexed": true, "layout": {"paddingRight": 6}}, "id": "e769e991-8ed7-2413-f546-25548ee84070", "pageElements": [{"definition": {"fragment": {"key": "button", "siteKey": "Dreams And Co"}, "fragmentConfig": {"buttonVariant": "primary", "buttonSize": "lg", "buttonWidth": "v-100"}, "fragmentFields": [{"id": "link", "value": {"fragmentLink": {}, "text": {"value_i18n": {"en_US": "Apply Now"}}}}], "fragmentStyle": {"marginBottom": "3"}, "indexed": true, "name": "Apply Now"}, "id": "164ea176-849c-aa4d-9aba-59cdb81612e3", "type": "Fragment"}, {"definition": {"fragment": {"key": "button", "siteKey": "Dreams And Co"}, "fragmentConfig": {"buttonVariant": "secondary", "buttonSize": "lg", "buttonWidth": "v-100"}, "fragmentFields": [{"id": "link", "value": {"fragmentLink": {}, "text": {"value_i18n": {"en_US": "Apply Later"}}}}], "fragmentStyle": {"marginBottom": "5"}, "indexed": true, "name": "Apply Later"}, "id": "5c3bd603-f364-8812-687b-cc48259f39eb", "type": "Fragment"}, {"definition": {"fragment": {"key": "text-block", "siteKey": "Dreams And Co"}, "fragmentConfig": {}, "fragmentFields": [{"id": "element-text", "value": {"fragmentLink": {}, "text": {"value_i18n": {"en_US": "This company is committed to the equal treatment of all candidates and employees and to fostering a culture of dignity at work. Dreams &amp; Co respects the privacy of all job applicants and is committed to protecting your personal information. This Privacy Policy Statement explains how we collect, use, and disclose information you provide during the application process."}}}}], "fragmentStyle": {"marginBottom": "5"}, "indexed": true, "name": "Policy Text"}, "id": "55daa305-4575-4589-0113-d76d9fd4f11e", "type": "Fragment"}, {"definition": {"fragment": {"key": "social-links", "siteKey": "Dreams And Co"}, "fragmentConfig": {}, "fragmentFields": [{"id": "socialTwitterLink", "value": {"fragmentLink": {"value": {"href": {"value": "https://twitter.com/"}}}}}, {"id": "socialLinkedinLink", "value": {"fragmentLink": {"value": {"href": {"value": "https://www.linkedin.com/"}}}}}, {"id": "socialFacebookLink", "value": {"fragmentLink": {"value": {"href": {"value": "https://www.facebook.com/"}}}}}, {"id": "socialInstagramLink", "value": {"fragmentLink": {"value": {"href": {"value": "https://www.instagram.com/"}}}}}], "fragmentStyle": {"marginBottom": "4"}, "indexed": true}, "id": "de432939-ca79-6956-4c6e-e944f17b6955", "type": "Fragment"}, {"definition": {"fragment": {"key": "text-block", "siteKey": "Dreams And Co"}, "fragmentConfig": {}, "fragmentFields": [{"id": "element-text", "value": {"fragmentLink": {}, "text": {"value_i18n": {"en_US": "<p>Powered By <span class=\"text-secondary\">Netrough Solutions</span></p>\n"}}}}], "indexed": true, "name": "Powered By Statement"}, "id": "c25980a6-7fd2-e2da-5511-7f858aa734d6", "type": "Fragment"}], "type": "Section"}], "type": "Column"}, {"definition": {"columnViewports": [{"columnViewportDefinition": {"size": 12}, "id": "landscapeMobile"}, {"columnViewportDefinition": {}, "id": "portraitMobile"}, {"columnViewportDefinition": {}, "id": "tablet"}], "size": 7}, "id": "419faad5-5321-2d47-e0a9-72c641277709", "pageElements": [{"definition": {"fragment": {"key": "text-block", "siteKey": "Dreams And Co"}, "fragmentConfig": {}, "fragmentFields": [{"id": "element-text", "value": {"fragmentLink": {}, "text": {"mapping": {"fieldKey": "DDMStructure_RichText14195878", "itemReference": {"contextSource": "DisplayPageItem"}}}}}], "indexed": true, "name": "Powered By Statement"}, "id": "25e498e5-0796-0950-7faa-56707cb205c6", "type": "Fragment"}], "type": "Column"}], "type": "Row"}], "type": "Section"}], "type": "Section"}, {"definition": {"fragmentStyle": {"backgroundColor": "gray200Color", "paddingBottom": "8", "paddingTop": "8"}, "indexed": true, "layout": {"paddingBottom": 10, "paddingTop": 10}, "name": "Similar Jobs Card"}, "id": "8197f65f-3ef0-0796-1012-d8351258ff5a", "pageElements": [{"definition": {"indexed": true, "layout": {"widthType": "Fixed"}}, "id": "7caa12db-5f48-2389-6d89-c8b8f2d23d8b", "pageElements": [{"definition": {"fragmentStyle": {"marginBottom": "6"}, "gutters": true, "indexed": true, "modulesPerRow": 2, "name": "Similar Positions Link", "numberOfColumns": 2, "reverseOrder": false, "rowViewports": [{"id": "landscapeMobile", "rowViewportDefinition": {"modulesPerRow": 1}}, {"id": "portraitMobile", "rowViewportDefinition": {}}, {"id": "tablet", "rowViewportDefinition": {}}], "verticalAlignment": "middle"}, "id": "29caa924-5780-1a0b-1781-150113ffa06a", "pageElements": [{"definition": {"columnViewports": [{"columnViewportDefinition": {"size": 12}, "id": "landscapeMobile"}, {"columnViewportDefinition": {}, "id": "portraitMobile"}, {"columnViewportDefinition": {}, "id": "tablet"}], "size": 6}, "id": "7c3ffed4-91a2-726c-cc5e-0623bb4775e1", "pageElements": [{"definition": {"fragment": {"key": "heading", "siteKey": "Dreams And Co"}, "fragmentConfig": {"displayLevel": "0", "headingLevel": "h4"}, "fragmentFields": [{"id": "element-text", "value": {"fragmentLink": {}, "text": {"value_i18n": {"en_US": "Similar Positions"}}}}], "indexed": true}, "id": "6a0d721a-5dfa-d353-d844-251e6ac366d2", "type": "Fragment"}], "type": "Column"}, {"definition": {"columnViewports": [{"columnViewportDefinition": {"size": 12}, "id": "landscapeMobile"}, {"columnViewportDefinition": {}, "id": "portraitMobile"}, {"columnViewportDefinition": {}, "id": "tablet"}], "size": 6}, "id": "aa1ceb37-b8ee-da17-274e-6887d6037962", "pageElements": [{"definition": {"fragment": {"key": "link", "siteKey": "Dreams And Co"}, "fragmentConfig": {"linkSize": "lg"}, "fragmentFields": [{"id": "link", "value": {"fragmentLink": {}, "text": {"value_i18n": {"en_US": "All Open Positions"}}}}], "fragmentStyle": {"textAlign": "right"}, "indexed": true}, "id": "b6f3e691-c5f6-8c65-9c4e-537509a0b9d3", "type": "Fragment"}], "type": "Column"}], "type": "Row"}, {"definition": {"collectionConfig": {"collectionReference": {"className": "com.liferay.asset.list.model.AssetListEntry", "classPK": 35858}, "collectionType": "Collection"}, "collectionViewports": [{"collectionViewportDefinition": {"numberOfColumns": 1}, "id": "landscapeMobile"}, {"collectionViewportDefinition": {"numberOfColumns": 1}, "id": "portraitMobile"}, {"collectionViewportDefinition": {"numberOfColumns": 1}, "id": "tablet"}], "displayAllItems": false, "displayAllPages": false, "listItemStyle": "", "listStyle": "", "numberOfColumns": 3, "numberOfItems": 3, "numberOfItemsPerPage": 20, "numberOfPages": 5, "paginationType": "None", "showAllItems": false, "templateKey": ""}, "id": "886ddf40-6744-7395-1663-64ee3bc6756b", "pageElements": [{"definition": {"collectionItemConfig": {}}, "id": "1142fb93-889f-503e-95ac-049280bd1e54", "pageElements": [{"definition": {"fragmentStyle": {"backgroundColor": "whiteColor", "marginBottom": "4", "paddingBottom": "3", "paddingLeft": "3", "paddingRight": "3", "paddingTop": "3"}, "indexed": true, "layout": {"align": "Start", "contentDisplay": "FlexColumn", "justify": "End", "marginBottom": 2, "paddingBottom": 1, "paddingLeft": 1, "paddingRight": 1, "paddingTop": 1, "widthType": "Fixed"}, "name": "Job Information Card"}, "id": "e4f75219-9a1b-74f4-77b4-fa498aac0095", "pageElements": [{"definition": {"fragment": {"key": "text-block", "siteKey": "Dreams And Co"}, "fragmentConfig": {}, "fragmentFields": [{"id": "element-text", "value": {"fragmentLink": {}, "text": {"mapping": {"fieldKey": "JournalArticle_publishDate", "itemReference": {"contextSource": "CollectionItem"}}}}}], "fragmentStyle": {"marginBottom": "3", "textColor": "gray600Color"}, "indexed": true, "name": "Publish Date"}, "id": "ae262bfb-25b2-ed79-cf9a-5cd0f5d1e3d0", "type": "Fragment"}, {"definition": {"fragment": {"key": "heading", "siteKey": "Dreams And Co"}, "fragmentConfig": {"displayLevel": "6", "headingLevel": "h3"}, "fragmentFields": [{"id": "element-text", "value": {"fragmentLink": {}, "text": {"mapping": {"fieldKey": "DDMStructure_Text94587934", "itemReference": {"contextSource": "CollectionItem"}}}}}], "indexed": true, "name": "Job Title"}, "id": "dcf3d6de-d66f-6323-613b-f20c8c19ccd5", "type": "Fragment"}, {"definition": {"fragment": {"key": "heading", "siteKey": "Dreams And Co"}, "fragmentConfig": {"displayLevel": "6", "headingLevel": "h3"}, "fragmentFields": [{"id": "element-text", "value": {"fragmentLink": {}, "text": {"mapping": {"fieldKey": "AssetVocabulary_34888", "itemReference": {"contextSource": "CollectionItem"}}}}}], "fragmentStyle": {"marginBottom": "3", "textAlign": "justify", "textColor": "brandColor3"}, "indexed": true, "name": "Location Details"}, "id": "4824b375-0b1d-c338-fd37-4f2cac6b705f", "type": "Fragment"}, {"definition": {"fragment": {"key": "text-block", "siteKey": "Dreams And Co"}, "fragmentConfig": {}, "fragmentFields": [{"id": "element-text", "value": {"fragmentLink": {}, "text": {"mapping": {"fieldKey": "DDMStructure_Field43929635", "itemReference": {"contextSource": "CollectionItem"}}}}}], "fragmentStyle": {"marginBottom": "3", "textColor": ""}, "indexed": true, "name": "Job Short Description"}, "id": "aff74b48-62b4-9d71-d0ef-813dde7951d9", "type": "Fragment"}, {"definition": {"fragment": {"key": "social-links", "siteKey": "Dreams And Co"}, "fragmentConfig": {}, "fragmentFields": [{"id": "socialTwitterLink", "value": {"fragmentLink": {"value": {"href": {"value": "https://twitter.com/"}}}}}, {"id": "socialLinkedinLink", "value": {"fragmentLink": {"value": {"href": {"value": "https://www.linkedin.com/"}}}}}, {"id": "socialFacebookLink", "value": {"fragmentLink": {"value": {"href": {"value": "https://www.facebook.com/"}}}}}, {"id": "socialInstagramLink", "value": {"fragmentLink": {"value": {"href": {"value": "https://www.instagram.com/"}}}}}], "indexed": true}, "id": "4d20bdc3-33bd-8fe8-d15b-28853e019766", "type": "Fragment"}], "type": "Section"}], "type": "CollectionItem"}], "type": "Collection"}, {"definition": {"fragment": {"key": "text-block", "siteKey": "Dreams And Co"}, "fragmentConfig": {}, "fragmentFields": [{"id": "element-text", "value": {"fragmentLink": {}, "text": {"value_i18n": {"en_US": "Powered By <span class=\"text-secondary\">Netrough Solutions</span>"}}}}], "indexed": true}, "id": "3766de69-8325-87b0-3892-125f1fd4638f", "type": "Fragment"}], "type": "Section"}], "type": "Section"}], "type": "Root"}, "settings": {"colorSchemeName": "01", "masterPage": {"key": "master-page"}, "themeName": "Classic", "themeSettings": {"lfr-theme:regular:show-header-search":"false","lfr-theme:regular:show-header":"false","lfr-theme:regular:show-footer":"false","lfr-theme:regular:wrap-widget-page-content":"false"}}, "version": 1.1}