{"definition":{"fragmentStyle":{"backgroundColor":"brandColor1","paddingBottom":"10","paddingTop":"10"},"fragmentViewports":[{"fragmentViewportStyle":{"paddingBottom":"5","paddingTop":"4"},"id":"tablet"}],"indexed":true,"layout":{}},"pageElements":[{"definition":{"fragmentStyle":{"marginTop":"3","textColor":"whiteColor"},"indexed":true,"layout":{"marginTop":1,"widthType":"Fixed"}},"pageElements":[{"definition":{"fragment":{"key":"text-block","siteKey":"extranet"},"fragmentConfig":{},"fragmentFields":[],"fragmentStyle":{"fontSize":"fontSizeLg","marginBottom":"2","textColor":"brandColor4"},"indexed":true},"type":"Fragment"},{"definition":{"fragmentStyle":{"marginBottom":"9"},"fragmentViewports":[{"fragmentViewportStyle":{"marginBottom":"6"},"id":"tablet"}],"gutters":true,"indexed":true,"modulesPerRow":2,"numberOfColumns":2,"reverseOrder":false,"rowViewports":[{"id":"landscapeMobile","rowViewportDefinition":{}},{"id":"portraitMobile","rowViewportDefinition":{}},{"id":"tablet","rowViewportDefinition":{"modulesPerRow":1}}],"verticalAlignment":"top"},"pageElements":[{"definition":{"columnViewports":[{"columnViewportDefinition":{},"id":"landscapeMobile"},{"columnViewportDefinition":{},"id":"portraitMobile"},{"columnViewportDefinition":{"size":12},"id":"tablet"}],"size":9},"pageElements":[{"definition":{"fragment":{"key":"heading","siteKey":"extranet"},"fragmentConfig":{"displayLevel":"0","headingLevel":"h1"},"fragmentFields":[],"fragmentStyle":{"maxWidth":"100%","width":"540px"},"fragmentViewports":[{"fragmentViewportStyle":{"marginBottom":"2"},"id":"portraitMobile"},{"fragmentViewportStyle":{"marginBottom":"3"},"id":"tablet"}],"indexed":true},"type":"Fragment"}],"type":"Column"},{"definition":{"columnViewports":[{"columnViewportDefinition":{},"id":"landscapeMobile"},{"columnViewportDefinition":{},"id":"portraitMobile"},{"columnViewportDefinition":{"size":12},"id":"tablet"}],"size":3},"pageElements":[{"definition":{"fragment":{"key":"text-block","siteKey":"extranet"},"fragmentConfig":{},"fragmentFields":[],"fragmentStyle":{"fontSize":"fontSizeSm","textColor":"gray400Color"},"indexed":true},"type":"Fragment"}],"type":"Column"}],"type":"Row"},{"definition":{"indexed":true,"layout":{"align":"Center","contentDisplay":"FlexColumn"}},"pageElements":[{"definition":{"fragment":{"key":"image","siteKey":"extranet"},"fragmentConfig":{"imageSize":"w-100"},"fragmentFields":[],"fragmentStyle":{"marginBottom":"8","maxWidth":"100%","width":"1040px"},"fragmentViewports":[{"fragmentViewportStyle":{"marginBottom":"5"},"id":"portraitMobile"}],"indexed":true},"type":"Fragment"}],"type":"Section"},{"definition":{"gutters":true,"indexed":true,"modulesPerRow":4,"numberOfColumns":4,"reverseOrder":false,"rowViewports":[{"id":"landscapeMobile","rowViewportDefinition":{}},{"id":"portraitMobile","rowViewportDefinition":{}},{"id":"tablet","rowViewportDefinition":{"modulesPerRow":2}}],"verticalAlignment":"top"},"pageElements":[{"definition":{"columnViewports":[{"columnViewportDefinition":{},"id":"landscapeMobile"},{"columnViewportDefinition":{"size":12},"id":"portraitMobile"},{"columnViewportDefinition":{"size":6},"id":"tablet"}],"size":3},"pageElements":[{"definition":{"fragmentStyle":{"marginBottom":"5"},"fragmentViewports":[{"fragmentViewportStyle":{"marginBottom":"5"},"id":"portraitMobile"}],"indexed":true,"layout":{"marginBottom":4}},"pageElements":[{"definition":{"fragment":{"key":"border","siteKey":"extranet"},"fragmentConfig":{"separatorColor":"secondary","bottomSpacing":"2"},"fragmentFields":[],"indexed":true},"type":"Fragment"},{"definition":{"fragment":{"key":"heading","siteKey":"extranet"},"fragmentConfig":{"displayLevel":"1","headingLevel":"h1"},"fragmentFields":[],"fragmentStyle":{"marginBottom":"2"},"indexed":true},"type":"Fragment"},{"definition":{"fragment":{"key":"heading","siteKey":"extranet"},"fragmentConfig":{"displayLevel":"0","headingLevel":"h6"},"fragmentFields":[],"fragmentStyle":{"fontWeight":"fontWeightBold","marginBottom":"1"},"indexed":true},"type":"Fragment"},{"definition":{"fragment":{"key":"text-block","siteKey":"extranet"},"fragmentConfig":{},"fragmentFields":[],"fragmentStyle":{"textColor":"gray400Color"},"indexed":true},"type":"Fragment"}],"type":"Section"}],"type":"Column"},{"definition":{"columnViewports":[{"columnViewportDefinition":{},"id":"landscapeMobile"},{"columnViewportDefinition":{"size":12},"id":"portraitMobile"},{"columnViewportDefinition":{"size":6},"id":"tablet"}],"size":3},"pageElements":[{"definition":{"fragmentStyle":{"marginBottom":"5"},"fragmentViewports":[{"fragmentViewportStyle":{"marginBottom":"5"},"id":"portraitMobile"}],"indexed":true,"layout":{"marginBottom":4}},"pageElements":[{"definition":{"fragment":{"key":"border","siteKey":"extranet"},"fragmentConfig":{"separatorColor":"secondary","bottomSpacing":"2"},"fragmentFields":[],"indexed":true},"type":"Fragment"},{"definition":{"fragment":{"key":"heading","siteKey":"extranet"},"fragmentConfig":{"displayLevel":"1","headingLevel":"h1"},"fragmentFields":[],"fragmentStyle":{"marginBottom":"2"},"indexed":true},"type":"Fragment"},{"definition":{"fragment":{"key":"heading","siteKey":"extranet"},"fragmentConfig":{"displayLevel":"0","headingLevel":"h6"},"fragmentFields":[],"fragmentStyle":{"fontWeight":"fontWeightBold","marginBottom":"1"},"indexed":true},"type":"Fragment"},{"definition":{"fragment":{"key":"text-block","siteKey":"extranet"},"fragmentConfig":{},"fragmentFields":[],"fragmentStyle":{"textColor":"gray400Color"},"indexed":true},"type":"Fragment"}],"type":"Section"}],"type":"Column"},{"definition":{"columnViewports":[{"columnViewportDefinition":{},"id":"landscapeMobile"},{"columnViewportDefinition":{"size":12},"id":"portraitMobile"},{"columnViewportDefinition":{"size":6},"id":"tablet"}],"size":3},"pageElements":[{"definition":{"fragmentStyle":{"marginBottom":"5"},"fragmentViewports":[{"fragmentViewportStyle":{"marginBottom":"5"},"id":"portraitMobile"}],"indexed":true,"layout":{"marginBottom":4}},"pageElements":[{"definition":{"fragment":{"key":"border","siteKey":"extranet"},"fragmentConfig":{"separatorColor":"secondary","bottomSpacing":"2"},"fragmentFields":[],"indexed":true},"type":"Fragment"},{"definition":{"fragment":{"key":"heading","siteKey":"extranet"},"fragmentConfig":{"displayLevel":"1","headingLevel":"h1"},"fragmentFields":[],"fragmentStyle":{"marginBottom":"2"},"indexed":true},"type":"Fragment"},{"definition":{"fragment":{"key":"heading","siteKey":"extranet"},"fragmentConfig":{"displayLevel":"0","headingLevel":"h6"},"fragmentFields":[],"fragmentStyle":{"fontWeight":"fontWeightBold","marginBottom":"1"},"indexed":true},"type":"Fragment"},{"definition":{"fragment":{"key":"text-block","siteKey":"extranet"},"fragmentConfig":{},"fragmentFields":[],"fragmentStyle":{"textColor":"gray400Color"},"indexed":true},"type":"Fragment"}],"type":"Section"}],"type":"Column"},{"definition":{"columnViewports":[{"columnViewportDefinition":{},"id":"landscapeMobile"},{"columnViewportDefinition":{"size":12},"id":"portraitMobile"},{"columnViewportDefinition":{"size":6},"id":"tablet"}],"size":3},"pageElements":[{"definition":{"fragmentStyle":{"marginBottom":"5"},"fragmentViewports":[{"fragmentViewportStyle":{"marginBottom":"5"},"id":"portraitMobile"}],"indexed":true,"layout":{"marginBottom":4}},"pageElements":[{"definition":{"fragment":{"key":"border","siteKey":"extranet"},"fragmentConfig":{"separatorColor":"secondary","bottomSpacing":"2"},"fragmentFields":[],"indexed":true},"type":"Fragment"},{"definition":{"fragment":{"key":"heading","siteKey":"extranet"},"fragmentConfig":{"displayLevel":"1","headingLevel":"h1"},"fragmentFields":[],"fragmentStyle":{"marginBottom":"2"},"indexed":true},"type":"Fragment"},{"definition":{"fragment":{"key":"heading","siteKey":"extranet"},"fragmentConfig":{"displayLevel":"0","headingLevel":"h6"},"fragmentFields":[],"fragmentStyle":{"fontWeight":"fontWeightBold","marginBottom":"1"},"indexed":true},"type":"Fragment"},{"definition":{"fragment":{"key":"text-block","siteKey":"extranet"},"fragmentConfig":{},"fragmentFields":[],"fragmentStyle":{"textColor":"gray400Color"},"indexed":true},"type":"Fragment"}],"type":"Section"}],"type":"Column"}],"type":"Row"}],"type":"Section"}],"type":"Section"}