{"pageElement": {"id": "8bfd14fc-f354-e81f-cb9a-33bc3d1ed35c", "pageElements": [{"definition": {"indexed": true, "layout": {}}, "id": "312196b4-a250-a48d-1ac1-ee6a124ef795", "pageElements": [{"definition": {"fragment": {"key": "entry-header", "siteKey": "Dreams And Co"}, "fragmentConfig": {}, "fragmentFields": [{"id": "entryCategory", "value": {"fragmentLink": {}, "text": {"mapping": {"fieldKey": "AssetVocabulary_34913", "itemReference": {"contextSource": "DisplayPageItem"}}}}}, {"id": "entrySubtitle", "value": {"fragmentLink": {}, "text": {"mapping": {"fieldKey": "DDMStructure_Field10453067", "itemReference": {"contextSource": "DisplayPageItem"}}}}}, {"id": "imageAuthor", "value": {"fragmentLink": {}, "text": {"mapping": {"fieldKey": "DDMStructure_Text53598180", "itemReference": {"contextSource": "DisplayPageItem"}}}}}, {"id": "entryAuthor", "value": {"fragmentLink": {}, "text": {"mapping": {"fieldKey": "DDMStructure_Text53598180", "itemReference": {"contextSource": "DisplayPageItem"}}}}}, {"id": "entryImage", "value": {"fragmentImage": {"url": {"mapping": {"fieldKey": "DDMStructure_Image33469195", "itemReference": {"contextSource": "DisplayPageItem"}}}}, "fragmentLink": {}}}, {"id": "entryTitle", "value": {"fragmentLink": {}, "text": {"mapping": {"fieldKey": "DDMStructure_Text97029766", "itemReference": {"contextSource": "DisplayPageItem"}}}}}], "indexed": true}, "id": "e2113933-b538-c461-93ac-4150d89e66be", "type": "Fragment"}], "type": "Section"}, {"definition": {"fragmentStyle": {"paddingBottom": "7", "paddingTop": "7"}, "indexed": true, "layout": {"paddingBottom": 8, "paddingTop": 8}, "name": "Description Container"}, "id": "ef8a345e-6403-7443-afbb-83352a1e9247", "pageElements": [{"definition": {"indexed": true, "layout": {"align": "Center", "contentDisplay": "FlexColumn", "widthType": "Fixed"}, "name": "Full Description Area"}, "id": "f67e1b52-d92b-2f19-9c01-1c47399dd581", "pageElements": [{"definition": {"fragment": {"key": "text-block", "siteKey": "Dreams And Co"}, "fragmentConfig": {}, "fragmentFields": [{"id": "element-text", "value": {"fragmentLink": {}, "text": {"mapping": {"fieldKey": "DDMStructure_RichText91465186", "itemReference": {"contextSource": "DisplayPageItem"}}}}}], "fragmentStyle": {"width": "900px"}, "indexed": true}, "id": "85333f62-f1a7-3030-fbdc-29c829b19532", "type": "Fragment"}], "type": "Section"}], "type": "Section"}, {"definition": {"indexed": true, "layout": {}, "name": "Similar or Related Articles"}, "id": "1effc9f1-7d24-cd7a-275b-2d6cf5965464", "pageElements": [{"definition": {"fragmentStyle": {"marginBottom": "6"}, "indexed": true, "layout": {"marginBottom": 6, "widthType": "Fixed"}, "name": "Related Articles Sections"}, "id": "ad3874b7-a1fa-d5a2-c3aa-ef4458c5a8f3", "pageElements": [{"definition": {"fragmentStyle": {"marginBottom": "6"}, "gutters": true, "indexed": true, "modulesPerRow": 2, "numberOfColumns": 2, "reverseOrder": false, "rowViewports": [{"id": "landscapeMobile", "rowViewportDefinition": {"modulesPerRow": 1}}, {"id": "portraitMobile", "rowViewportDefinition": {}}, {"id": "tablet", "rowViewportDefinition": {}}], "verticalAlignment": "middle"}, "id": "4e0d517b-22a1-a05b-68f6-e7cf0dd6c7b8", "pageElements": [{"definition": {"columnViewports": [{"columnViewportDefinition": {"size": 12}, "id": "landscapeMobile"}, {"columnViewportDefinition": {}, "id": "portraitMobile"}, {"columnViewportDefinition": {}, "id": "tablet"}], "size": 6}, "id": "47513a7f-8334-92dc-b537-775569e22bc4", "pageElements": [{"definition": {"fragment": {"key": "heading", "siteKey": "Dreams And Co"}, "fragmentConfig": {"displayLevel": "0", "headingLevel": "h4"}, "fragmentFields": [{"id": "element-text", "value": {"fragmentLink": {}, "text": {"value_i18n": {"en_US": "Related Articles"}}}}], "indexed": true}, "id": "5d3aee75-13fe-b801-0623-d518f0f5e672", "type": "Fragment"}], "type": "Column"}, {"definition": {"columnViewports": [{"columnViewportDefinition": {"size": 12}, "id": "landscapeMobile"}, {"columnViewportDefinition": {}, "id": "portraitMobile"}, {"columnViewportDefinition": {}, "id": "tablet"}], "size": 6}, "id": "679243a0-8a6e-c284-70ae-a56d9e5f79ac", "pageElements": [{"definition": {"fragment": {"key": "link", "siteKey": "Dreams And Co"}, "fragmentConfig": {"linkSize": "lg"}, "fragmentFields": [{"id": "link", "value": {"fragmentLink": {}, "text": {"value_i18n": {"en_US": "All Articles"}}}}], "fragmentStyle": {"textAlign": "right"}, "indexed": true}, "id": "b6ccdebd-4758-89d3-e722-aab73df8567f", "type": "Fragment"}], "type": "Column"}], "type": "Row"}, {"definition": {"collectionConfig": {"collectionReference": {"className": "com.liferay.asset.list.model.AssetListEntry", "classPK": 35163}, "collectionType": "Collection"}, "collectionViewports": [{"collectionViewportDefinition": {"numberOfColumns": 1}, "id": "landscapeMobile"}, {"collectionViewportDefinition": {"numberOfColumns": 1}, "id": "portraitMobile"}, {"collectionViewportDefinition": {"numberOfColumns": 1}, "id": "tablet"}], "displayAllItems": false, "displayAllPages": false, "listItemStyle": "", "listStyle": "", "numberOfColumns": 3, "numberOfItems": 3, "numberOfItemsPerPage": 20, "numberOfPages": 3, "paginationType": "None", "showAllItems": false, "templateKey": ""}, "id": "cc9c59e8-ec0a-79bf-82fe-5517f5d2e1fc", "pageElements": [{"definition": {"collectionItemConfig": {}}, "id": "11b0944b-9fce-9c11-cf86-01fd39c724e4", "pageElements": [{"definition": {"fragment": {"key": "entry-card", "siteKey": "Dreams And Co"}, "fragmentConfig": {}, "fragmentFields": [{"id": "image", "value": {"fragmentImage": {"url": {"mapping": {"fieldKey": "DDMStructure_Image33469195", "itemReference": {"contextSource": "CollectionItem"}}}}, "fragmentLink": {"value": {"href": {"mapping": {"fieldKey": "LayoutPageTemplateEntry_35951", "itemReference": {"contextSource": "CollectionItem"}}}}}}}, {"id": "author", "value": {"fragmentLink": {}, "text": {"mapping": {"fieldKey": "DDMStructure_Text53598180", "itemReference": {"contextSource": "CollectionItem"}}}}}, {"id": "category", "value": {"fragmentLink": {}, "text": {"mapping": {"fieldKey": "AssetVocabulary_34913", "itemReference": {"contextSource": "CollectionItem"}}}}}, {"id": "title", "value": {"fragmentLink": {"value": {"href": {"mapping": {"fieldKey": "LayoutPageTemplateEntry_35951", "itemReference": {"contextSource": "CollectionItem"}}}}}, "text": {"mapping": {"fieldKey": "DDMStructure_Text97029766", "itemReference": {"contextSource": "CollectionItem"}}}}}], "fragmentStyle": {"marginBottom": "6"}, "indexed": true}, "id": "9d98b154-c631-acfe-2725-4f189e8c54ff", "type": "Fragment"}], "type": "CollectionItem"}], "type": "Collection"}], "type": "Section"}], "type": "Section"}], "type": "Root"}, "settings": {"colorSchemeName": "01", "masterPage": {"key": "master-page"}, "themeName": "Classic", "themeSettings": {"lfr-theme:regular:show-header-search":"false","lfr-theme:regular:show-header":"false","lfr-theme:regular:show-footer":"false","lfr-theme:regular:wrap-widget-page-content":"false"}}, "version": 1.1}