{"pageElement": {"id": "e06b2edf-ddc8-ca70-d309-62a20219247e", "pageElements": [{"definition": {"indexed": true, "layout": {}, "name": "Team Member Information"}, "id": "644c9ff8-1141-a6eb-9dc8-c9338ec6d9aa", "pageElements": [{"definition": {"fragment": {"key": "member-header", "siteKey": "Dreams And Co"}, "fragmentConfig": {}, "fragmentFields": [{"id": "memberImage", "value": {"fragmentImage": {"url": {"mapping": {"fieldKey": "DDMStructure_Image36517163", "itemReference": {"contextSource": "DisplayPageItem"}}}}, "fragmentLink": {}}}], "indexed": true}, "id": "44352cbf-de7f-f479-7904-57d275b12274", "type": "Fragment"}], "type": "Section"}, {"definition": {"fragmentStyle": {"paddingBottom": "8", "paddingTop": "6"}, "indexed": true, "layout": {"align": "Center", "contentDisplay": "FlexColumn", "flexWrap": "Wrap", "justify": "Center", "paddingBottom": 10, "paddingTop": 6}, "name": "Team Member Detailed Information"}, "id": "e4826f3f-6cd7-437d-e624-128260377e57", "pageElements": [{"definition": {"fragment": {"key": "heading", "siteKey": "Dreams And Co"}, "fragmentConfig": {"displayLevel": "0", "headingLevel": "h2"}, "fragmentFields": [{"id": "element-text", "value": {"fragmentLink": {}, "text": {"mapping": {"fieldKey": "DDMStructure_Text12982626", "itemReference": {"contextSource": "DisplayPageItem"}}}}}], "indexed": true}, "id": "7cdcc006-f7f8-5ad6-4dc6-d56d0f6b81db", "type": "Fragment"}, {"definition": {"fragment": {"key": "heading", "siteKey": "Dreams And Co"}, "fragmentConfig": {"displayLevel": "0", "headingLevel": "h2"}, "fragmentFields": [{"id": "element-text", "value": {"fragmentLink": {}, "text": {"mapping": {"fieldKey": "DDMStructure_Text49810951", "itemReference": {"contextSource": "DisplayPageItem"}}}}}], "fragmentStyle": {"marginBottom": "3", "textColor": "brandColor3"}, "indexed": true}, "id": "b243525f-364f-ecd0-1d44-c51ab70b10ab", "type": "Fragment"}, {"definition": {"fragmentStyle": {"marginBottom": "4"}, "indexed": true, "layout": {"align": "Center", "contentDisplay": "FlexColumn", "marginBottom": 2}, "name": "Work Start Date"}, "id": "bdd206fc-6bc9-d060-ace0-cc83d75a251c", "pageElements": [{"definition": {"fragment": {"key": "text-block", "siteKey": "Dreams And Co"}, "fragmentConfig": {}, "fragmentFields": [{"id": "element-text", "value": {"fragmentLink": {}, "text": {"value_i18n": {"en_US": "Working Since"}}}}], "indexed": true}, "id": "39b20ea5-92d2-de8e-c201-b6be7f4ca35a", "type": "Fragment"}, {"definition": {"fragment": {"key": "text-block", "siteKey": "Dreams And Co"}, "fragmentConfig": {}, "fragmentFields": [{"id": "element-text", "value": {"fragmentLink": {}, "text": {"mapping": {"fieldKey": "DDMStructure_Date80926909", "itemReference": {"contextSource": "DisplayPageItem"}}}}}], "indexed": true}, "id": "273b1da4-afe0-6713-65b6-1dcdc7623812", "type": "Fragment"}], "type": "Section"}, {"definition": {"fragment": {"key": "text-block", "siteKey": "Dreams And Co"}, "fragmentConfig": {}, "fragmentFields": [{"id": "element-text", "value": {"fragmentLink": {}, "text": {"mapping": {"fieldKey": "DDMStructure_RichText16440602", "itemReference": {"contextSource": "DisplayPageItem"}}}}}], "fragmentStyle": {"width": "800px"}, "indexed": true}, "id": "9bec7fcf-c2fc-537f-ffad-7ac27232f3b0", "type": "Fragment"}], "type": "Section"}, {"definition": {"fragmentStyle": {"marginBottom": "5"}, "indexed": true, "layout": {"marginBottom": 4}, "name": "Other Informations"}, "id": "bd7dd889-5795-a462-3fa4-c14c48965e4c", "pageElements": [{"definition": {"indexed": true, "layout": {"widthType": "Fixed"}, "name": "Blogs Information"}, "id": "ccc17fda-d74a-ec42-ade8-54c30fd7563d", "pageElements": [{"definition": {"fragmentStyle": {"marginBottom": "6"}, "gutters": true, "indexed": true, "modulesPerRow": 2, "numberOfColumns": 2, "reverseOrder": false, "rowViewports": [{"id": "landscapeMobile", "rowViewportDefinition": {"modulesPerRow": 1}}, {"id": "portraitMobile", "rowViewportDefinition": {}}, {"id": "tablet", "rowViewportDefinition": {}}], "verticalAlignment": "top"}, "id": "692cd339-8fb6-acbc-4590-fad44059dbae", "pageElements": [{"definition": {"columnViewports": [{"columnViewportDefinition": {"size": 12}, "id": "landscapeMobile"}, {"columnViewportDefinition": {}, "id": "portraitMobile"}, {"columnViewportDefinition": {}, "id": "tablet"}], "size": 6}, "id": "0b7da6f0-e958-2ea8-74c8-c6bcbad4e909", "pageElements": [{"definition": {"indexed": true, "layout": {"contentDisplay": "FlexRow"}}, "id": "fc4c4cd1-0a7a-d807-4307-e95e40906398", "pageElements": [{"definition": {"fragment": {"key": "heading", "siteKey": "Dreams And Co"}, "fragmentConfig": {"displayLevel": "0", "headingLevel": "h5"}, "fragmentFields": [{"id": "element-text", "value": {"fragmentLink": {}, "text": {"value_i18n": {"en_US": "Article By :&nbsp;"}}}}], "indexed": true}, "id": "317fce01-2aab-bad6-c115-76cc0fd234e9", "type": "Fragment"}, {"definition": {"fragment": {"key": "heading", "siteKey": "Dreams And Co"}, "fragmentConfig": {"displayLevel": "0", "headingLevel": "h5"}, "fragmentFields": [{"id": "element-text", "value": {"fragmentLink": {}, "text": {"mapping": {"fieldKey": "DDMStructure_Text12982626", "itemReference": {"contextSource": "DisplayPageItem"}}}}}], "indexed": true}, "id": "da469031-ba9a-5736-ef3c-685849e4ad17", "type": "Fragment"}], "type": "Section"}], "type": "Column"}, {"definition": {"columnViewports": [{"columnViewportDefinition": {"size": 12}, "id": "landscapeMobile"}, {"columnViewportDefinition": {}, "id": "portraitMobile"}, {"columnViewportDefinition": {}, "id": "tablet"}], "size": 6}, "id": "9816f65b-1560-0d18-bd28-9a67ac10bf8c", "pageElements": [{"definition": {"fragment": {"key": "link", "siteKey": "Dreams And Co"}, "fragmentConfig": {"linkSize": "lg"}, "fragmentFields": [{"id": "link", "value": {"fragmentLink": {}, "text": {"value_i18n": {"en_US": "All Articles"}}}}], "fragmentStyle": {"textAlign": "right"}, "indexed": true}, "id": "ed80bf55-1d54-2890-cf1b-c1257647526f", "type": "Fragment"}], "type": "Column"}], "type": "Row"}, {"definition": {"collectionConfig": {"collectionReference": {"className": "com.liferay.asset.list.model.AssetListEntry", "classPK": 35163}, "collectionType": "Collection"}, "collectionViewports": [{"collectionViewportDefinition": {"numberOfColumns": 1}, "id": "landscapeMobile"}, {"collectionViewportDefinition": {"numberOfColumns": 1}, "id": "portraitMobile"}, {"collectionViewportDefinition": {"numberOfColumns": 1}, "id": "tablet"}], "displayAllItems": false, "displayAllPages": true, "listItemStyle": "", "listStyle": "", "numberOfColumns": 3, "numberOfItems": 3, "numberOfItemsPerPage": 20, "numberOfPages": 5, "paginationType": "None", "showAllItems": false, "templateKey": ""}, "id": "05b92f1c-6968-c73d-df75-fcfe15b08b73", "pageElements": [{"definition": {"collectionItemConfig": {}}, "id": "c9406712-dccc-6be1-6562-fdfc2a6793ab", "pageElements": [{"definition": {"fragment": {"key": "entry-card", "siteKey": "Dreams And Co"}, "fragmentConfig": {}, "fragmentFields": [{"id": "image", "value": {"fragmentImage": {"url": {"mapping": {"fieldKey": "DDMStructure_Image33469195", "itemReference": {"contextSource": "CollectionItem"}}}}, "fragmentLink": {"value": {"href": {"mapping": {"fieldKey": "JournalArticle_displayPageURL", "itemReference": {"contextSource": "CollectionItem"}}}}}}}, {"id": "author", "value": {"fragmentLink": {}, "text": {"mapping": {"fieldKey": "DDMStructure_Text53598180", "itemReference": {"contextSource": "CollectionItem"}}}}}, {"id": "category", "value": {"fragmentLink": {}, "text": {"mapping": {"fieldKey": "AssetVocabulary_34913", "itemReference": {"contextSource": "CollectionItem"}}}}}, {"id": "title", "value": {"fragmentLink": {}, "text": {"mapping": {"fieldKey": "DDMStructure_Text97029766", "itemReference": {"contextSource": "CollectionItem"}}}}}], "indexed": true}, "id": "80378871-c2ce-79ed-2be6-ffa7acf41061", "type": "Fragment"}], "type": "CollectionItem"}], "type": "Collection"}], "type": "Section"}], "type": "Section"}], "type": "Root"}, "settings": {"colorSchemeName": "01", "masterPage": {"key": "master-page"}, "themeName": "Classic", "themeSettings": {"lfr-theme:regular:show-header-search":"false","lfr-theme:regular:show-header":"false","lfr-theme:regular:show-footer":"false","lfr-theme:regular:wrap-widget-page-content":"false"}}, "version": 1.1}