{"definition":{"fragmentStyle":{"backgroundColor":"whiteColor","paddingBottom":"3","paddingLeft":"3","paddingRight":"3","paddingTop":"3"},"indexed":true,"layout":{"align":"Start","contentDisplay":"FlexColumn","justify":"End","paddingBottom":1,"paddingLeft":1,"paddingRight":1,"paddingTop":1,"widthType":"Fixed"},"name":"Job Information Card"},"id":"d50893e9-508f-8eb9-18a9-3d38f53607a2","pageElements":[{"definition":{"fragment":{"key":"text-block","siteKey":"Dreams & Co"},"fragmentConfig":{},"fragmentFields":[],"fragmentStyle":{"marginBottom":"3","textColor":"gray600Color"},"indexed":true,"name":"Publish Date"},"id":"fea61f14-aa7e-6134-a696-f03fb4cb6988","type":"Fragment"},{"definition":{"fragment":{"key":"heading","siteKey":"Dreams & Co"},"fragmentConfig":{"displayLevel":"6","headingLevel":"h3"},"fragmentFields":[],"indexed":true,"name":"Job Title"},"id":"3e19f845-2aee-f818-e830-2696ac549d6f","type":"Fragment"},{"definition":{"fragment":{"key":"heading","siteKey":"Dreams & Co"},"fragmentConfig":{"displayLevel":"6","headingLevel":"h3"},"fragmentFields":[],"fragmentStyle":{"marginBottom":"3","textAlign":"justify","textColor":"brandColor3"},"indexed":true,"name":"Location Details"},"id":"3281d18a-744e-ba33-6132-30b024c95d17","type":"Fragment"},{"definition":{"fragment":{"key":"text-block","siteKey":"Dreams & Co"},"fragmentConfig":{},"fragmentFields":[],"fragmentStyle":{"marginBottom":"3","textColor":""},"indexed":true,"name":"Job Short Description"},"id":"a0e7d703-0b99-d148-3a9d-bcb770d8e583","type":"Fragment"},{"definition":{"fragment":{"key":"social-links","siteKey":"Dreams & Co"},"fragmentConfig":{},"fragmentFields":[],"indexed":true},"id":"7181b2ef-8a4d-d8ba-1bd5-bf1d25ad2109","type":"Fragment"}],"type":"Section"}